Timestamp,User Count,Type,Name,Requests/s,Failures/s,50%,66%,75%,80%,90%,95%,98%,99%,99.9%,99.99%,100%,Total Request Count,Total Failure Count,Total Median Response Time,Total Average Response Time,Total Min Response Time,Total Max Response Time,Total Average Content Size
1637256091,0,,Aggregated,0.000000,0.000000,N/A,N/A,N/A,N/A,N/A,N/A,N/A,N/A,N/A,N/A,N/A,0,0,0,0,0,0,0
1637256092,0,,Aggregated,0.000000,0.000000,N/A,N/A,N/A,N/A,N/A,N/A,N/A,N/A,N/A,N/A,N/A,0,0,0,0,0,0,0
1637256093,0,,Aggregated,0.000000,0.000000,N/A,N/A,N/A,N/A,N/A,N/A,N/A,N/A,N/A,N/A,N/A,0,0,0,0,0,0,0
1637256094,0,,Aggregated,0.000000,0.000000,N/A,N/A,N/A,N/A,N/A,N/A,N/A,N/A,N/A,N/A,N/A,0,0,0,0,0,0,0
1637256095,0,,Aggregated,0.000000,0.000000,N/A,N/A,N/A,N/A,N/A,N/A,N/A,N/A,N/A,N/A,N/A,0,0,0,0,0,0,0
1637256096,0,,Aggregated,0.000000,0.000000,N/A,N/A,N/A,N/A,N/A,N/A,N/A,N/A,N/A,N/A,N/A,0,0,0,0,0,0,0
1637256097,0,,Aggregated,0.000000,0.000000,N/A,N/A,N/A,N/A,N/A,N/A,N/A,N/A,N/A,N/A,N/A,0,0,0,0,0,0,0
1637256098,0,,Aggregated,0.000000,0.000000,N/A,N/A,N/A,N/A,N/A,N/A,N/A,N/A,N/A,N/A,N/A,0,0,0,0,0,0,0
1637256099,0,,Aggregated,0.000000,0.000000,N/A,N/A,N/A,N/A,N/A,N/A,N/A,N/A,N/A,N/A,N/A,0,0,0,0,0,0,0
1637256100,0,,Aggregated,0.000000,0.000000,N/A,N/A,N/A,N/A,N/A,N/A,N/A,N/A,N/A,N/A,N/A,0,0,0,0,0,0,0
1637256101,0,,Aggregated,0.000000,0.000000,N/A,N/A,N/A,N/A,N/A,N/A,N/A,N/A,N/A,N/A,N/A,0,0,0,0,0,0,0
1637256102,0,,Aggregated,0.000000,0.000000,N/A,N/A,N/A,N/A,N/A,N/A,N/A,N/A,N/A,N/A,N/A,0,0,0,0,0,0,0
1637256103,0,,Aggregated,0.000000,0.000000,N/A,N/A,N/A,N/A,N/A,N/A,N/A,N/A,N/A,N/A,N/A,0,0,0,0,0,0,0
1637256104,0,,Aggregated,0.000000,0.000000,N/A,N/A,N/A,N/A,N/A,N/A,N/A,N/A,N/A,N/A,N/A,0,0,0,0,0,0,0
1637256105,0,,Aggregated,0.000000,0.000000,N/A,N/A,N/A,N/A,N/A,N/A,N/A,N/A,N/A,N/A,N/A,0,0,0,0,0,0,0
1637256106,0,,Aggregated,0.000000,0.000000,N/A,N/A,N/A,N/A,N/A,N/A,N/A,N/A,N/A,N/A,N/A,0,0,0,0,0,0,0
1637256107,0,,Aggregated,0.000000,0.000000,N/A,N/A,N/A,N/A,N/A,N/A,N/A,N/A,N/A,N/A,N/A,0,0,0,0,0,0,0
1637256108,1,GET,google,0.000000,0.000000,0,0,0,0,0,0,0,0,0,0,0,1,0,83.00952999707079,83.00952999707079,83.00952999707079,83.00952999707079,14946.0
1637256108,1,,Aggregated,0.000000,0.000000,0,0,0,0,0,0,0,0,0,0,0,1,0,83.00952999707079,83.00952999707079,83.00952999707079,83.00952999707079,14946.0
1637256109,2,GET,google,0.000000,0.000000,83,83,83,83,83,83,83,83,83,83,83,1,0,83.00952999707079,83.00952999707079,83.00952999707079,83.00952999707079,14946.0
1637256109,2,GET,microsoft,0.000000,0.000000,0,0,0,0,0,0,0,0,0,0,0,1,0,273.10264100378845,273.10264100378845,273.10264100378845,273.10264100378845,210977.0
1637256109,2,,Aggregated,0.000000,0.000000,270,270,270,270,270,270,270,270,270,270,270,2,0,83.00952999707079,178.05608550042962,83.00952999707079,273.10264100378845,112961.5
1637256110,3,GET,google,1.000000,0.000000,83,83,83,83,83,83,83,83,83,83,83,1,0,83.00952999707079,83.00952999707079,83.00952999707079,83.00952999707079,14946.0
1637256110,3,GET,microsoft,0.000000,0.000000,0,0,0,0,0,0,0,0,0,0,0,2,0,273.10264100378845,323.87756500247633,273.10264100378845,374.6524890011642,210978.0
1637256110,3,,Aggregated,1.000000,0.000000,270,270,370,370,370,370,370,370,370,370,370,3,0,270.0,243.58822000067448,83.00952999707079,374.6524890011642,145634.0
1637256111,4,GET,google,0.500000,0.000000,83,83,83,83,83,83,83,83,83,83,83,1,0,83.00952999707079,83.00952999707079,83.00952999707079,83.00952999707079,14946.0
1637256111,4,GET,microsoft,0.000000,0.000000,370,370,420,420,420,420,420,420,420,420,420,4,0,270.0,305.58922350246576,156.6986990001169,417.90306500479346,210977.5
1637256111,4,,Aggregated,0.500000,0.000000,270,370,370,420,420,420,420,420,420,420,420,5,0,270.0,261.07328480138676,83.00952999707079,417.90306500479346,171771.2
1637256112,5,GET,facebook,0.000000,0.000000,0,0,0,0,0,0,0,0,0,0,0,1,0,191.87292300193803,191.87292300193803,191.87292300193803,191.87292300193803,81845.0
1637256112,5,GET,google,0.333333,0.000000,83,83,83,83,83,83,83,83,83,83,83,2,0,74.11796399537707,78.56374699622393,74.11796399537707,83.00952999707079,14920.5
1637256112,5,GET,microsoft,0.333333,0.000000,370,370,420,420,420,420,420,420,420,420,420,5,0,270.0,280.85134660213953,156.6986990001169,417.90306500479346,210977.4
1637256112,5,,Aggregated,0.666667,0.000000,190,270,370,370,420,420,420,420,420,420,420,8,0,180.0,219.15714375063544,74.11796399537707,417.90306500479346,145821.625
1637256113,6,GET,facebook,0.000000,0.000000,190,190,190,190,190,190,190,190,190,190,190,1,0,191.87292300193803,191.87292300193803,191.87292300193803,191.87292300193803,81845.0
1637256113,6,GET,google,0.333333,0.000000,83,83,83,83,83,83,83,83,83,83,83,2,0,74.11796399537707,78.56374699622393,74.11796399537707,83.00952999707079,14920.5
1637256113,6,GET,microsoft,0.333333,0.000000,370,370,420,420,420,420,420,420,420,420,420,5,0,270.0,280.85134660213953,156.6986990001169,417.90306500479346,210977.4
1637256113,6,,Aggregated,0.666667,0.000000,190,270,370,370,420,420,420,420,420,420,420,8,0,180.0,219.15714375063544,74.11796399537707,417.90306500479346,145821.625
1637256114,7,GET,facebook,0.000000,0.000000,190,190,190,190,190,190,190,190,190,190,190,2,0,180.0,185.3579710041231,178.84301900630817,191.87292300193803,81841.5
1637256114,7,GET,google,0.250000,0.000000,83,83,83,83,83,83,83,83,83,83,83,2,0,74.11796399537707,78.56374699622393,74.11796399537707,83.00952999707079,14920.5
1637256114,7,GET,microsoft,0.750000,0.000000,370,370,420,420,720,720,720,720,720,720,720,7,0,270.0,334.3276844305884,156.6986990001169,724.4907339991187,210984.42857142858
1637256114,7,,Aggregated,1.000000,0.000000,190,270,370,370,420,720,720,720,720,720,720,11,0,190.0,260.73974791043753,74.11796399537707,724.4907339991187,151855.9090909091
1637256115,8,GET,facebook,0.166667,0.000000,190,190,230,230,230,230,230,230,230,230,230,3,0,190.0,198.65838400194966,178.84301900630817,225.25920999760274,81842.66666666667
1637256115,8,GET,google,0.333333,0.000000,74,74,83,83,83,83,83,83,83,83,83,3,0,74,75.88661166422146,70.53234100021655,83.00952999707079,14920.333333333334
1637256115,8,GET,microsoft,0.833333,0.000000,210,370,420,420,720,720,720,720,720,720,720,8,0,210.0,315.7258940018437,156.6986990001169,724.4907339991187,210983.5
1637256115,8,,Aggregated,1.333333,0.000000,190,230,270,370,420,720,720,720,720,720,720,14,0,190.0,239.24586707237592,70.53234100021655,724.4907339991187,141296.92857142858
1637256116,9,GET,facebook,0.166667,0.000000,230,230,230,230,230,230,230,230,230,230,230,4,0,190.0,205.76436825103883,178.84301900630817,227.0823209983064,81841.5
1637256116,9,GET,google,0.333333,0.000000,79,79,82,82,83,83,83,83,83,83,83,6,0,74,72.20013699892054,45.200683001894504,83.00952999707079,14921.0
1637256116,9,GET,microsoft,0.833333,0.000000,210,370,420,420,720,720,720,720,720,720,720,8,0,210.0,315.7258940018437,156.6986990001169,724.4907339991187,210983.5
1637256116,9,,Aggregated,1.333333,0.000000,190,210,230,270,420,720,720,720,720,720,720,18,0,180.0,210.11474705624602,45.200683001894504,724.4907339991187,116931.11111111111
1637256117,10,GET,facebook,0.375000,0.000000,230,230,230,230,230,230,230,230,230,230,230,4,0,190.0,205.76436825103883,178.84301900630817,227.0823209983064,81841.5
1637256117,10,GET,google,0.375000,0.000000,74,79,82,82,83,83,83,83,83,83,83,7,0,74,68.0260701420983,42.981669001164846,83.00952999707079,14917.285714285714
1637256117,10,GET,microsoft,0.875000,0.000000,210,370,370,420,720,720,720,720,720,720,720,10,0,210.0,305.67761750135105,156.6986990001169,724.4907339991187,210720.6
1637256117,10,,Aggregated,1.625000,0.000000,180,210,230,270,370,420,720,720,720,720,720,21,0,180.0,207.42933995296923,42.981669001164846,724.4907339991187,120904.42857142857
1637256118,10,GET,facebook,0.375000,0.000000,230,230,230,230,230,230,230,230,230,230,230,4,0,190.0,205.76436825103883,178.84301900630817,227.0823209983064,81841.5
1637256118,10,GET,google,0.375000,0.000000,74,79,82,82,83,83,83,83,83,83,83,8,0,72,68.50936750015535,42.981669001164846,83.00952999707079,14923.375
1637256118,10,GET,microsoft,0.875000,0.000000,220,370,370,420,720,720,720,720,720,720,720,11,0,220.0,298.1135970013301,156.6986990001169,724.4907339991187,210710.0909090909
1637256118,10,,Aggregated,1.625000,0.000000,190,220,230,270,370,420,720,720,720,720,720,23,0,180.0,202.19052087043605,42.981669001164846,724.4907339991187,120198.43478260869
1637256119,10,GET,facebook,0.444444,0.000000,230,230,230,230,230,230,230,230,230,230,230,4,0,190.0,205.76436825103883,178.84301900630817,227.0823209983064,81841.5
1637256119,10,GET,google,0.666667,0.000000,72,74,79,79,82,82,82,82,82,82,82,9,0,72,66.20659322248281,42.981669001164846,83.00952999707079,14919.777777777777
1637256119,10,GET,microsoft,0.888889,0.000000,220,370,370,420,720,720,720,720,720,720,720,11,0,220.0,298.1135970013301,156.6986990001169,724.4907339991187,210710.0909090909
1637256119,10,,Aggregated,2.000000,0.000000,180,210,230,230,370,420,720,720,720,720,720,24,0,180.0,195.7569324592138,42.981669001164846,724.4907339991187,115810.625
1637256120,10,GET,facebook,0.400000,0.000000,230,230,230,230,230,230,230,230,230,230,230,6,0,220.0,212.97209850066187,178.84301900630817,234.0982219975558,81840.5
1637256120,10,GET,google,0.700000,0.000000,72,74,79,79,82,82,82,82,82,82,82,9,0,72,66.20659322248281,42.981669001164846,83.00952999707079,14919.777777777777
1637256120,10,GET,microsoft,1.100000,0.000000,220,410,420,420,720,780,780,780,780,780,780,14,0,220.0,332.40249792964147,156.6986990001169,775.9084650024306,210717.42857142858
1637256120,10,,Aggregated,2.200000,0.000000,190,220,230,370,420,720,780,780,780,780,780,29,0,190.0,225.08023796625162,42.981669001164846,775.9084650024306,123288.44827586207
1637256121,10,GET,facebook,0.400000,0.000000,230,230,230,230,230,230,230,230,230,230,230,6,0,220.0,212.97209850066187,178.84301900630817,234.0982219975558,81840.5
1637256121,10,GET,google,0.800000,0.000000,71,72,74,79,82,82,82,82,82,82,82,10,0,71,64.47090820074663,42.981669001164846,83.00952999707079,14924.4
1637256121,10,GET,microsoft,1.100000,0.000000,210,370,410,410,720,780,780,780,780,780,780,17,0,220.0,318.5631561774404,156.6986990001169,775.9084650024306,210697.35294117648
1637256121,10,,Aggregated,2.300000,0.000000,190,220,230,230,410,720,780,780,780,780,780,33,0,190.0,222.36713115236137,42.981669001164846,775.9084650024306,127943.69696969698
1637256122,10,GET,facebook,0.400000,0.000000,230,230,230,230,230,230,230,230,230,230,230,7,0,220.0,210.9625825718727,178.84301900630817,234.0982219975558,81840.14285714286
1637256122,10,GET,google,0.800000,0.000000,58,71,72,79,82,82,82,82,82,82,82,11,0,71,63.92545200056206,42.981669001164846,83.00952999707079,14921.727272727272
1637256122,10,GET,microsoft,1.100000,0.000000,220,370,410,410,720,780,780,780,780,780,780,17,0,220.0,318.5631561774404,156.6986990001169,775.9084650024306,210697.35294117648
1637256122,10,,Aggregated,2.300000,0.000000,190,220,230,230,410,720,780,780,780,780,780,35,0,190.0,217.01404871502226,42.981669001164846,775.9084650024306,123396.42857142857
1637256123,10,GET,facebook,0.500000,0.000000,230,230,230,230,230,230,230,230,230,230,230,7,0,220.0,210.9625825718727,178.84301900630817,234.0982219975558,81840.14285714286
1637256123,10,GET,google,0.800000,0.000000,58,71,72,79,82,82,82,82,82,82,82,11,0,71,63.92545200056206,42.981669001164846,83.00952999707079,14921.727272727272
1637256123,10,GET,microsoft,1.200000,0.000000,210,370,410,410,720,780,780,780,780,780,780,18,0,210.0,311.2122655010252,156.6986990001169,775.9084650024306,210692.11111111112
1637256123,10,,Aggregated,2.500000,0.000000,190,220,230,230,410,410,780,780,780,780,780,36,0,190.0,216.15941191743735,42.981669001164846,775.9084650024306,125818.83333333333
1637256124,10,GET,facebook,0.600000,0.000000,220,230,230,230,230,230,230,230,230,230,230,8,0,200.0,201.41450575010822,134.5779679977568,234.0982219975558,81840.25
1637256124,10,GET,google,0.900000,0.000000,61,72,78,78,79,82,82,82,82,82,82,15,0,71,64.62456620114001,42.981669001164846,83.00952999707079,14922.266666666666
1637256124,10,GET,microsoft,1.300000,0.000000,220,370,410,410,510,780,780,780,780,780,780,21,0,220.0,315.7376851439559,156.6986990001169,775.9084650024306,210699.66666666666
1637256124,10,,Aggregated,2.800000,0.000000,180,200,230,230,410,510,780,780,780,780,780,44,0,180.0,209.34490743275092,42.981669001164846,775.9084650024306,120528.38636363637
1637256125,10,GET,facebook,0.600000,0.000000,220,230,230,230,230,230,230,230,230,230,230,8,0,200.0,201.41450575010822,134.5779679977568,234.0982219975558,81840.25
1637256125,10,GET,google,0.900000,0.000000,56,61,72,72,77,78,78,78,78,78,78,17,0,61,63.43351382469444,42.981669001164846,83.00952999707079,14920.529411764706
1637256125,10,GET,microsoft,1.300000,0.000000,220,370,410,410,510,780,780,780,780,780,780,21,0,220.0,315.7376851439559,156.6986990001169,775.9084650024306,210699.66666666666
1637256125,10,,Aggregated,2.800000,0.000000,180,200,230,340,410,510,780,780,780,780,780,46,0,180.0,202.6125471531249,42.981669001164846,775.9084650024306,115936.17391304347
1637256126,10,GET,facebook,0.600000,0.000000,220,220,230,230,230,230,230,230,230,230,230,9,0,210.0,201.85431844503103,134.5779679977568,234.0982219975558,81840.0
1637256126,10,GET,google,0.900000,0.000000,58,61,72,77,78,78,78,78,78,78,78,17,0,61,63.43351382469444,42.981669001164846,83.00952999707079,14920.529411764706
1637256126,10,GET,microsoft,1.300000,0.000000,340,370,410,410,510,780,780,780,780,780,780,21,0,220.0,315.7376851439559,156.6986990001169,775.9084650024306,210699.66666666666
1637256126,10,,Aggregated,2.800000,0.000000,180,210,230,340,410,510,780,780,780,780,780,47,0,180.0,202.6712763627268,42.981669001164846,775.9084650024306,115210.68085106384
1637256127,10,GET,facebook,0.600000,0.000000,210,210,220,220,230,230,230,230,230,230,230,11,0,210.0,199.17431127264123,134.5779679977568,234.0982219975558,81839.45454545454
1637256127,10,GET,google,1.200000,0.000000,56,58,61,77,78,78,78,78,78,78,78,18,0,58,62.740238223341294,42.981669001164846,83.00952999707079,14920.722222222223
1637256127,10,GET,microsoft,1.300000,0.000000,220,340,410,410,510,780,780,780,780,780,780,24,0,210.0,305.74457087611034,156.6986990001169,775.9084650024306,210648.70833333334
1637256127,10,,Aggregated,3.100000,0.000000,180,210,220,330,410,510,780,780,780,780,780,53,0,180.0,201.09644175558196,42.981669001164846,775.9084650024306,117441.05660377358
1637256128,10,GET,facebook,0.500000,0.000000,210,210,220,220,230,230,230,230,230,230,230,12,0,200.0,194.6627779167708,134.5779679977568,234.0982219975558,81840.0
1637256128,10,GET,google,1.400000,0.000000,53,58,61,61,77,78,78,78,78,78,78,19,0,58,62.20598473775777,42.981669001164846,83.00952999707079,14921.78947368421
1637256128,10,GET,microsoft,1.400000,0.000000,210,340,410,410,510,780,780,780,780,780,780,24,0,210.0,305.74457087611034,156.6986990001169,775.9084650024306,210648.70833333334
1637256128,10,,Aggregated,3.300000,0.000000,180,210,220,230,410,510,780,780,780,780,780,55,0,180.0,197.3770317462781,42.981669001164846,775.9084650024306,114930.23636363636
1637256129,10,GET,facebook,0.500000,0.000000,200,210,210,210,220,220,220,220,220,220,220,12,0,200.0,194.6627779167708,134.5779679977568,234.0982219975558,81840.0
1637256129,10,GET,google,1.100000,0.000000,53,58,61,61,77,78,78,78,78,78,78,20,0,56,61.7048865511606,42.981669001164846,83.00952999707079,14921.7
1637256129,10,GET,microsoft,1.300000,0.000000,210,330,410,410,510,780,780,780,780,780,780,25,0,210.0,301.0073916410329,156.6986990001169,775.9084650024306,210646.88
1637256129,10,,Aggregated,2.900000,0.000000,170,190,210,220,410,510,780,780,780,780,780,57,0,180.0,194.65326065000497,42.981669001164846,775.9084650024306,114854.14035087719
1637256130,10,GET,facebook,0.700000,0.000000,170,180,200,210,210,210,210,210,210,210,210,15,0,190.0,187.71317719996054,134.5779679977568,234.0982219975558,81839.8
1637256130,10,GET,google,1.100000,0.000000,53,58,61,61,77,78,78,78,78,78,78,20,0,56,61.7048865511606,42.981669001164846,83.00952999707079,14921.7
1637256130,10,GET,microsoft,1.500000,0.000000,190,210,330,340,510,510,510,510,510,510,510,25,0,210.0,301.0073916410329,156.6986990001169,775.9084650024306,210646.88
1637256130,10,,Aggregated,3.300000,0.000000,150,180,190,210,330,340,510,510,510,510,510,60,0,180.0,192.9163363341407,42.981669001164846,775.9084650024306,113203.38333333333
1637256131,10,GET,facebook,0.800000,0.000000,160,180,200,200,210,210,210,210,210,210,210,17,0,180.0,183.7910858234596,134.5779679977568,234.0982219975558,81839.70588235294
1637256131,10,GET,google,1.100000,0.000000,53,58,61,61,77,78,78,78,78,78,78,20,0,56,61.7048865511606,42.981669001164846,83.00952999707079,14921.7
1637256131,10,GET,microsoft,1.400000,0.000000,190,210,330,340,510,510,510,510,510,510,510,27,0,210.0,290.87717692702967,150.04453300207388,775.9084650024306,210643.7037037037
1637256131,10,,Aggregated,3.300000,0.000000,150,180,190,210,330,340,510,510,510,510,510,64,0,170.0,190.81609323518478,42.981669001164846,775.9084650024306,115267.015625
1637256132,10,GET,facebook,1.000000,0.000000,160,170,180,180,210,210,210,210,210,210,210,18,0,180.0,183.24830516657028,134.5779679977568,234.0982219975558,81839.77777777778
1637256132,10,GET,google,1.100000,0.000000,56,61,77,78,280,280,280,280,280,280,280,21,0,58,71.98966676306944,42.981669001164846,277.6852710012463,14921.809523809523
1637256132,10,GET,microsoft,1.200000,0.000000,190,210,330,340,510,510,510,510,510,510,510,28,0,190.0,286.9943230369764,150.04453300207388,775.9084650024306,210655.67857142858
1637256132,10,,Aggregated,3.300000,0.000000,160,180,190,210,280,340,510,510,510,510,510,67,0,180.0,191.7327394038517,42.981669001164846,775.9084650024306,114699.0
1637256133,10,GET,facebook,1.100000,0.000000,160,170,180,180,210,210,210,210,210,210,210,18,0,180.0,183.24830516657028,134.5779679977568,234.0982219975558,81839.77777777778
1637256133,10,GET,google,1.100000,0.000000,78,160,160,280,1400,1400,1400,1400,1400,1400,1400,24,0,61,133.90218245937527,42.981669001164846,1385.0322409998626,14918.875
1637256133,10,GET,microsoft,1.000000,0.000000,190,210,320,330,510,510,510,510,510,510,510,30,0,190.0,284.40395456782426,150.04453300207388,775.9084650024306,210677.16666666666
1637256133,10,,Aggregated,3.200000,0.000000,170,180,210,210,330,510,1400,1400,1400,1400,1400,72,0,180.0,208.94778484802777,42.981669001164846,1385.0322409998626,113215.05555555556
1637256134,10,GET,facebook,1.100000,0.000000,170,170,180,210,210,210,210,210,210,210,210,18,0,180.0,183.24830516657028,134.5779679977568,234.0982219975558,81839.77777777778
1637256134,10,GET,google,1.000000,0.000000,78,160,270,270,280,1400,1400,1400,1400,1400,1400,25,0,71,139.14936388086062,42.981669001164846,1385.0322409998626,14919.48
1637256134,10,GET,microsoft,1.000000,0.000000,190,280,320,320,330,510,510,510,510,510,510,31,0,210.0,284.3074459364758,150.04453300207388,775.9084650024306,210644.67741935485
1637256134,10,,Aggregated,3.100000,0.000000,180,190,210,270,320,330,1400,1400,1400,1400,1400,74,0,180.0,210.68560018987202,42.981669001164846,1385.0322409998626,113190.37837837837
1637256135,10,GET,facebook,1.100000,0.000000,160,170,170,180,210,210,210,210,210,210,210,19,0,180.0,180.94670957859643,134.5779679977568,234.0982219975558,81839.63157894737
1637256135,10,GET,google,1.100000,0.000000,160,270,280,280,1400,1400,1400,1400,1400,1400,1400,25,0,71,139.14936388086062,42.981669001164846,1385.0322409998626,14919.48
1637256135,10,GET,microsoft,1.200000,0.000000,180,210,280,280,320,330,330,330,330,330,330,32,0,190.0,281.1165966259068,150.04453300207388,775.9084650024306,210614.15625
1637256135,10,,Aggregated,3.400000,0.000000,170,180,210,270,320,330,1400,1400,1400,1400,1400,76,0,180.0,209.37437725057717,42.981669001164846,1385.0322409998626,114047.27631578948
1637256136,10,GET,facebook,1.000000,0.000000,150,160,170,180,210,210,210,210,210,210,210,20,0,180.0,182.42491584969684,134.5779679977568,234.0982219975558,81839.55
1637256136,10,GET,google,1.000000,0.000000,160,270,280,280,1400,1400,1400,1400,1400,1400,1400,25,0,71,139.14936388086062,42.981669001164846,1385.0322409998626,14919.48
1637256136,10,GET,microsoft,1.100000,0.000000,190,230,260,280,320,330,330,330,330,330,330,34,0,210.0,278.8185843537041,150.04453300207388,775.9084650024306,210586.11764705883
1637256136,10,,Aggregated,3.100000,0.000000,180,190,230,260,280,320,1400,1400,1400,1400,1400,79,0,180.0,210.2160035701442,42.981669001164846,1385.0322409998626,116072.22784810126
1637256137,10,GET,facebook,1.000000,0.000000,160,170,180,180,180,210,210,210,210,210,210,22,0,180.0,181.1038429543921,134.5779679977568,234.0982219975558,81839.54545454546
1637256137,10,GET,google,0.800000,0.000000,160,270,280,280,1400,1400,1400,1400,1400,1400,1400,26,0,71,140.06166265468121,42.981669001164846,1385.0322409998626,14919.653846153846
1637256137,10,GET,microsoft,1.000000,0.000000,190,230,260,260,280,320,320,320,320,320,320,35,0,210.0,276.3435996006592,150.04453300207388,775.9084650024306,210559.88571428572
1637256137,10,,Aggregated,2.800000,0.000000,180,190,230,260,280,320,1400,1400,1400,1400,1400,83,0,180.0,208.4085995185712,42.981669001164846,1385.0322409998626,115156.34939759035
1637256138,10,GET,facebook,1.000000,0.000000,160,170,180,180,180,210,210,210,210,210,210,24,0,180.0,179.22820650013213,133.3218450017739,234.0982219975558,81840.08333333333
1637256138,10,GET,google,0.800000,0.000000,160,270,280,280,1400,1400,1400,1400,1400,1400,1400,26,0,71,140.06166265468121,42.981669001164846,1385.0322409998626,14919.653846153846
1637256138,10,GET,microsoft,1.300000,0.000000,190,190,260,260,280,320,320,320,320,320,320,36,0,190.0,273.6252921673036,150.04453300207388,775.9084650024306,210561.13888888888
1637256138,10,,Aggregated,3.100000,0.000000,180,180,210,260,280,320,1400,1400,1400,1400,1400,86,0,180.0,206.90221747730013,42.981669001164846,1385.0322409998626,115491.55813953489
1637256139,10,GET,facebook,1.100000,0.000000,160,170,180,180,210,210,210,210,210,210,210,24,0,180.0,179.22820650013213,133.3218450017739,234.0982219975558,81840.08333333333
1637256139,10,GET,google,0.800000,0.000000,160,270,280,280,1400,1400,1400,1400,1400,1400,1400,28,0,72,141.54362746506064,42.981669001164846,1385.0322409998626,14919.285714285714
1637256139,10,GET,microsoft,1.000000,0.000000,180,230,260,260,280,320,320,320,320,320,320,36,0,190.0,273.6252921673036,150.04453300207388,775.9084650024306,210561.13888888888
1637256139,10,,Aggregated,2.900000,0.000000,180,180,230,260,280,320,1400,1400,1400,1400,1400,88,0,180.0,205.85464821645226,42.981669001164846,1385.0322409998626,113205.71590909091
1637256140,10,GET,facebook,1.100000,0.000000,170,180,180,200,210,210,210,210,210,210,210,26,0,180.0,177.6580873078134,121.078967997164,234.0982219975558,81840.0
1637256140,10,GET,google,0.800000,0.000000,170,170,270,280,1400,1400,1400,1400,1400,1400,1400,30,0,74,143.39581720075026,42.981669001164846,1385.0322409998626,14919.366666666667
1637256140,10,GET,microsoft,1.000000,0.000000,190,230,260,280,320,320,320,320,320,320,320,36,0,190.0,273.6252921673036,150.04453300207388,775.9084650024306,210561.13888888888
1637256140,10,,Aggregated,2.900000,0.000000,180,190,210,260,280,320,1400,1400,1400,1400,1400,92,0,180.0,204.0379924353107,42.981669001164846,1385.0322409998626,110387.19565217392
1637256141,10,GET,facebook,1.100000,0.000000,170,180,180,200,210,210,210,210,210,210,210,26,0,180.0,177.6580873078134,121.078967997164,234.0982219975558,81840.0
1637256141,10,GET,google,0.800000,0.000000,160,170,170,270,1400,1400,1400,1400,1400,1400,1400,30,0,74,143.39581720075026,42.981669001164846,1385.0322409998626,14919.366666666667
1637256141,10,GET,microsoft,1.000000,0.000000,190,230,260,280,320,320,320,320,320,320,320,36,0,190.0,273.6252921673036,150.04453300207388,775.9084650024306,210561.13888888888
1637256141,10,,Aggregated,2.900000,0.000000,180,190,210,230,280,320,1400,1400,1400,1400,1400,92,0,180.0,204.0379924353107,42.981669001164846,1385.0322409998626,110387.19565217392
1637256142,10,GET,facebook,1.100000,0.000000,170,180,180,200,210,210,210,210,210,210,210,27,0,180.0,177.4148353705877,121.078967997164,234.0982219975558,81839.96296296296
1637256142,10,GET,google,1.000000,0.000000,170,270,350,350,380,1200,1200,1200,1200,1200,1200,33,0,78,190.30754721241078,42.981669001164846,1385.0322409998626,14918.060606060606
1637256142,10,GET,microsoft,1.100000,0.000000,230,260,280,280,340,340,340,340,340,340,340,37,0,210.0,275.3715070817585,150.04453300207388,775.9084650024306,210552.2162162162
1637256142,10,,Aggregated,3.200000,0.000000,180,200,260,270,350,380,1200,1200,1200,1200,1200,97,0,180.0,219.16593170144833,42.981669001164846,1385.0322409998626,108169.14432989691
1637256143,10,GET,facebook,1.100000,0.000000,180,180,200,210,310,310,310,310,310,310,310,28,0,180.0,182.16907228582255,121.078967997164,310.53346899716416,81840.0
1637256143,10,GET,google,1.000000,0.000000,180,270,350,380,1200,1200,1200,1200,1200,1200,1200,34,0,78,190.01246767669835,42.981669001164846,1385.0322409998626,14918.529411764706
1637256143,10,GET,microsoft,1.100000,0.000000,200,230,260,280,340,340,340,340,340,340,340,39,0,200.0,270.90975000054385,150.04453300207388,775.9084650024306,210564.46153846153
1637256143,10,,Aggregated,3.200000,0.000000,180,200,260,270,350,380,1200,1200,1200,1200,1200,101,0,180.0,219.07562549536618,42.981669001164846,1385.0322409998626,109017.46534653465
1637256144,10,GET,facebook,0.900000,0.000000,180,180,200,210,310,310,310,310,310,310,310,28,0,180.0,182.16907228582255,121.078967997164,310.53346899716416,81840.0
1637256144,10,GET,google,1.000000,0.000000,170,270,350,350,380,1200,1200,1200,1200,1200,1200,35,0,79,189.52952165730363,42.981669001164846,1385.0322409998626,14917.857142857143
1637256144,10,GET,microsoft,1.000000,0.000000,200,230,260,260,340,340,340,340,340,340,340,39,0,200.0,270.90975000054385,150.04453300207388,775.9084650024306,210564.46153846153
1637256144,10,,Aggregated,2.900000,0.000000,180,200,230,260,350,380,1200,1200,1200,1200,1200,102,0,180.0,218.62497580421442,42.981669001164846,1385.0322409998626,108094.69607843137
1637256145,10,GET,facebook,1.000000,0.000000,180,180,200,210,310,310,310,310,310,310,310,29,0,180.0,180.43692500013375,121.078967997164,310.53346899716416,81839.96551724138
1637256145,10,GET,google,1.200000,0.000000,170,180,350,350,380,1200,1200,1200,1200,1200,1200,37,0,82,189.35945229738562,42.981669001164846,1385.0322409998626,14918.945945945947
1637256145,10,GET,microsoft,0.900000,0.000000,200,230,260,310,340,340,340,340,340,340,340,41,0,200.0,269.50467378096283,150.04453300207388,775.9084650024306,210543.58536585365
1637256145,10,,Aggregated,3.100000,0.000000,180,200,200,310,350,380,1200,1200,1200,1200,1200,107,0,180.0,217.65104845819275,42.981669001164846,1385.0322409998626,108015.39252336448
1637256146,10,GET,facebook,1.000000,0.000000,160,170,180,180,200,310,310,310,310,310,310,33,0,170.0,177.2650245453185,121.078967997164,310.53346899716416,81840.63636363637
1637256146,10,GET,google,1.100000,0.000000,170,180,200,350,380,1200,1200,1200,1200,1200,1200,38,0,82,189.00201231582813,42.981669001164846,1385.0322409998626,14918.21052631579
1637256146,10,GET,microsoft,0.800000,0.000000,190,200,310,310,340,340,340,340,340,340,340,41,0,200.0,269.50467378096283,150.04453300207388,775.9084650024306,210543.58536585365
1637256146,10,,Aggregated,2.900000,0.000000,180,180,200,310,350,380,1200,1200,1200,1200,1200,112,0,180.0,215.01351699121838,42.981669001164846,1385.0322409998626,106249.28571428571
1637256147,10,GET,facebook,1.100000,0.000000,160,170,180,180,200,310,310,310,310,310,310,33,0,170.0,177.2650245453185,121.078967997164,310.53346899716416,81840.63636363637
1637256147,10,GET,google,1.100000,0.000000,180,180,350,350,380,1200,1200,1200,1200,1200,1200,38,0,82,189.00201231582813,42.981669001164846,1385.0322409998626,14918.21052631579
1637256147,10,GET,microsoft,1.000000,0.000000,200,270,310,310,340,340,340,340,340,340,340,43,0,200.0,267.8352542330516,150.04453300207388,775.9084650024306,210563.7906976744
1637256147,10,,Aggregated,3.200000,0.000000,180,200,200,310,350,380,1200,1200,1200,1200,1200,114,0,180.0,215.33980885980878,42.981669001164846,1385.0322409998626,108086.63157894737
1637256148,10,GET,facebook,1.100000,0.000000,160,160,170,200,310,310,310,310,310,310,310,33,0,170.0,177.2650245453185,121.078967997164,310.53346899716416,81840.63636363637
1637256148,10,GET,google,1.100000,0.000000,180,200,310,350,380,1200,1200,1200,1200,1200,1200,40,0,83,191.76544967504014,42.981669001164846,1385.0322409998626,14918.25
1637256148,10,GET,microsoft,1.000000,0.000000,200,200,270,310,340,340,340,340,340,340,340,44,0,200.0,266.3586484551078,150.04453300207388,775.9084650024306,210573.18181818182
1637256148,10,,Aggregated,3.200000,0.000000,180,200,270,310,350,380,1200,1200,1200,1200,1200,117,0,180.0,215.72772930787914,42.981669001164846,1385.0322409998626,107373.42735042734
1637256149,10,GET,facebook,1.100000,0.000000,160,160,170,200,310,310,310,310,310,310,310,34,0,170.0,176.28371555859783,121.078967997164,310.53346899716416,81840.64705882352
1637256149,10,GET,google,1.200000,0.000000,180,200,310,350,380,1200,1200,1200,1200,1200,1200,40,0,83,191.76544967504014,42.981669001164846,1385.0322409998626,14918.25
1637256149,10,GET,microsoft,0.800000,0.000000,200,200,270,270,310,340,340,340,340,340,340,46,0,200.0,262.2443721743564,150.04453300207388,775.9084650024306,210582.60869565216
1637256149,10,,Aggregated,3.100000,0.000000,180,200,200,310,340,380,1200,1200,1200,1200,1200,120,0,180.0,214.39587863345272,42.981669001164846,1385.0322409998626,108884.26666666666
1637256150,0,GET,facebook,1.100000,0.000000,160,160,170,170,310,310,310,310,310,310,310,34,0,170.0,176.28371555859783,121.078967997164,310.53346899716416,81840.64705882352
1637256150,0,GET,google,1.200000,0.000000,180,310,350,350,380,1200,1200,1200,1200,1200,1200,41,0,160.0,191.10115785375322,42.981669001164846,1385.0322409998626,14917.707317073171
1637256150,0,GET,microsoft,0.800000,0.000000,200,200,270,310,340,340,340,340,340,340,340,46,0,200.0,262.2443721743564,150.04453300207388,775.9084650024306,210582.60869565216
1637256150,0,,Aggregated,3.100000,0.000000,180,200,270,310,350,380,1200,1200,1200,1200,1200,121,0,180.0,213.98375967782317,42.981669001164846,1385.0322409998626,108107.5041322314
1637256151,0,GET,facebook,1.100000,0.000000,160,160,160,160,310,310,310,310,310,310,310,34,0,170.0,176.28371555859783,121.078967997164,310.53346899716416,81840.64705882352
1637256151,0,GET,google,1.200000,0.000000,180,180,200,310,350,350,350,350,350,350,350,41,0,160.0,191.10115785375322,42.981669001164846,1385.0322409998626,14917.707317073171
1637256151,0,GET,microsoft,0.800000,0.000000,200,200,270,310,340,340,340,340,340,340,340,46,0,200.0,262.2443721743564,150.04453300207388,775.9084650024306,210582.60869565216
1637256151,0,,Aggregated,3.100000,0.000000,180,200,200,270,310,340,350,350,350,350,350,121,0,180.0,213.98375967782317,42.981669001164846,1385.0322409998626,108107.5041322314
